{
  "feature_order": [
    "intensity",
    "local_density",
    "normalized_distance",
    "boundary_flag"
  ],
  "mean": [
    0.5273279547691345,
    0.4715147018432617,
    0.500321090221405,
    0.23933333158493042
  ],
  "std": [
    0.2925533950328827,
    0.26001638174057007,
    0.2902606129646301,
    0.42671212553977966
  ]
}