x,y,intensity,local_density,normalized_distance,boundary_flag
2,2,0.145000,0.444444,1.000000,0.000000
3,2,0.295000,0.444444,0.500000,0.000000
4,2,0.770000,0.222222,1.000000,0.000000
2,3,0.695000,0.333333,0.500000,0.000000
3,3,0.245000,0.444444,0.000000,0.000000
4,3,0.120000,0.333333,0.500000,0.000000
2,4,0.320000,0.333333,1.000000,0.000000
3,4,0.795000,0.333333,0.500000,0.000000
4,4,0.945000,0.222222,1.000000,0.000000
